{
  "ego": {
    "position": {
      "x": -6.700272,
      "y": -1.926125,
      "z": 1.748038
    },
    "initial_speed": 20
  },
  "agent_1": {
    "position": {
      "x": -6.700272,
      "y": -1.926125,
      "z": 1.748038
    },
    "initial_speed": 20
  },
  "agent_2": {
    "position": {
      "x": -6.700272,
      "y": -1.926125,
      "z": 1.748038
    },
    "initial_speed": 20
  }
}